name,uid,category
冷冻总管供水平均温度,f20f7350_ddd6_45e3_b10a_a63f01a6cd4b,input
冷冻侧泵组运行数量,a13176bb_3bb7_4adc_8eb7_66dfa911f43c,input
1#冷冻泵运行状态,58a01135_6239_40aa_a2bb_e5dd214e6e1a,input
1#冷冻泵变频反馈,60d8edcb_16fb_449e_bfce_c3638d6cf73d,input
1#冷却泵运行状态,f89cad89_7c54_4cd2_b698_8bc02a31b1a7,input
1#冷却泵变频反馈,b879c1f5_4aa9_4c0c_99b1_a5f78be1279b,input
1#冷却塔运行状态,a1943b1f_7236_4997_9721_aa3f67f66127,input
1#冷却塔变频反馈,df552485_196f_4436_b076_74708bd4e73c,input
2#冷却塔运行状态,145cbc6c_ae10_414e_a5e9_fdd96d45138f,input
2#冷却塔变频反馈,bec138b8_d749_47a2_9914_d271688e5947,input
V16阀门开反馈,8e26d9a1_8c6f_4966_86df_078f8360f7c5,input
V20阀门开反馈,1d085c1b_142d_4fb5_b6a1_8d878239db06,input
V21阀门开反馈,b80c7278_cb6c_40c2_8984_b002b992c1e4,input
V22阀门开反馈,30699c72_4993_4487_be2d_f80a29168da1,input
V23阀门开反馈,87ec99a8_3af2_497d_b877_1b01504696b9,input
V24阀门开反馈,b5b56961_868c_432f_b09a_986a7208c793,input
1#冷机运行状态,3a595b52_ae59_424a_82f4_3436842db552,input
1#冷机冷冻出水温度,566185d4_6cac_4dcc_a52a_0b3bece9d920,input
1#冷机冷却进水温度,61db6ac0_eeef_44d5_9f86_a7a2c07c74be,input
1#冷机冷冻水流开关,2976cfd2_6b50_4bf7_abfc_4d9806c81409,input
1#冷机冷却水流开关,c035e2a7_def9_430d_8e4c_9795a9765d8c,input
1#冷机压缩机冷凝压力,661ec640_59f7_4f8e_92f7_90d57b3abe7a,input
1#冷机压缩机冷凝温度,ddfc7ccd_dfa4_4258_8737_bb388acda4e8,input
1#冷机压缩机蒸发压力,83b2f5e2_27bd_4518_a34b_adc9bb6b57c1,input
1#冷机压缩机蒸发温度,30884cf5_21b4_4660_8a6e_8d36c8de6c0c,input
1#压缩机排气温度,d80c57d4_9a7b_486d_9994_af3b64ddcc20,input
1#压缩机吸气温度,6c7e3bf8_235e_4aad_a1d7_31a50eb9cce7,input
1#压缩机供油温度,033d216c_087a_49b1_a431_c0544e12f815,input
1#压缩机供油压力,22c0a671_9a64_4bb2_9c41_025276ef1854,input
1#压缩机油箱温度,ca2d82a6_8c13_41b5_a3ab_25dc8ff8ce41,input
1#压缩机油箱压力,9560a394_b12c_4e3a_9562_44f5e829977a,input
1#压缩机运行时间,9f6f28dd_70b4_4c7c_964e_c1ca7990ca48,input
1#压缩机启动次数,ded19ee4_432c_4580_8463_693e7f4103d7,input
1#压缩机导叶开度,18df604b_1891_47be_8e76_05a8f0cdac0d,input
2#冷冻泵运行状态,69754e31_94b6_43d4_9186_4e5ddf477f9f,input
2#冷冻泵变频反馈,30b063e7_c72d_4678_bfcb_5f4c95f21818,input
2#冷却泵运行状态,2f7c59da_0a9d_4616_8772_3f79a79edb29,input
2#冷却泵变频反馈,696a1edc_d719_44cb_96dd_f121bc2b5e95,input
7#冷却塔运行状态,c4cc5563_4894_43ff_be68_a0dcfd10c539,input
7#冷却塔变频反馈,6bd2f5ca_85a4_4e24_b6f1_087a3124355b,input
8#冷却塔运行状态,59b2bb9a_09a1_429c_ac5d_86a54a9996cd,input
8#冷却塔变频反馈,1ee5af99_9870_4eaf_ae35_247dd98b7619,input
V15阀门开反馈,399ba9b0_76e3_47b8_b4fe_8b501fb800f3,input
V19阀门开反馈,a8126950_147a_411a_954d_9047a94d5192,input
V33阀门开反馈,1e50eba8_942a_4873_9d79_dcb61b43a854,input
V34阀门开反馈,6d21f8aa_bfef_42a3_bb7c_7c1547481970,input
V35阀门开反馈,357b9ca1_0232_47bd_9f01_e40ba35ca315,input
V36阀门开反馈,4e34021e_146b_4e74_9caa_003e01c912bd,input
2#冷机运行状态,f6f72a01_6520_4139_9a80_4ad143cf7754,input
2#冷机冷冻出水温度,650186e2_c232_4ad0_a13c_7c572ea1f883,input
2#冷机冷却进水温度,96767a02_149a_4d99_9e7f_118a155bacee,input
2#冷机冷冻水流开关,fc863933_4222_4aa8_a536_028a7edc187d,input
2#冷机冷却水流开关,0f7de855_f0f8_4df1_b3d4_4ec2f08e9bb2,input
2#冷机压缩机冷凝压力,2f25b14e_1a57_4bd4_bfdf_aaf313a659f2,input
2#冷机压缩机冷凝温度,de2ee3a3_59bc_455f_bd44_59c3d395641a,input
2#冷机压缩机蒸发压力,21f97585_e749_4ab9_977a_df025218be5c,input
2#冷机压缩机蒸发温度,83300e4d_b532_40c7_b191_380b9e215cbb,input
2#压缩机排气温度,a29ebf0f_5464_4f37_b5cb_92194be3fd1b,input
2#压缩机吸气温度,9aaabaa4_138f_4aff_b0c7_9d4db32f3981,input
2#压缩机供油温度,951925ea_b093_49ae_b9cf_d769e975d39a,input
2#压缩机供油压力,4b0e10bf_9531_4066_adbf_ce7a5592195c,input
2#压缩机油箱温度,dc090ac8_40b1_4200_b1c5_ef3624fb7971,input
2#压缩机油箱压力,8fb77b0f_de8e_4c12_9165_f228909b95d9,input
2#压缩机运行时间,c9408206_ac3d_497c_bd14_40880f4a0835,input
2#压缩机启动次数,4b0aad38_85eb_432c_af69_4dc0bf0dbee5,input
2#压缩机导叶开度,61d52025_2006_4bfe_92af_61bbc1ad9b11,input
3#冷冻泵运行状态,5089e1e2_28f7_4b51_b926_58f53a2b5f21,input
3#冷冻泵变频反馈,a8cc0e6a_0454_4896_bc51_535c060b5ed3,input
3#冷却泵运行状态,3827ba36_feea_45e2_ba6e_9ca4372195b3,input
3#冷却泵变频反馈,e8576c13_913e_4a8e_a726_18ed0a3bca70,input
3#冷却塔运行状态,9299aa1f_5e9e_4fcb_b541_840d9dd5e918,input
3#冷却塔变频反馈,8d7d5f68_fe38_4567_89e7_47698604ebf0,input
4#冷却塔运行状态,e5d315ff_39b0_4472_bdcb_5ecdb78eb5ee,input
4#冷却塔变频反馈,47d97a4e_a6d8_45b9_a054_a9cbe052b596,input
V14阀门开反馈,5d25ea2e_8fb9_49ad_bdb7_c375f5a81365,input
V18阀门开反馈,75d5916e_0731_47fe_9809_808aa55083bd,input
V25阀门开反馈,df77248d_8de9_4dfa_8028_edf3a8ca8faa,input
V26阀门开反馈,e1fd6894_d83b_484f_a1af_13a1753d170c,input
V27阀门开反馈,16dab63c_23a4_4731_8960_d922d526bae3,input
V28阀门开反馈,517f633d_670e_425b_a4f2_b4a1c7771e30,input
3#冷机运行状态,d648d72d_e8a3_4260_b309_50496c5e098d,input
3#冷机冷冻出水温度,8ff4a8f3_0a2f_486e_b758_2219f1cfbb23,input
3#冷机冷却进水温度,263ca4a7_70ae_4e17_8d22_58985fca090a,input
3#冷机冷冻水流开关,663dd565_fe66_4139_a6af_6b594aab537b,input
3#冷机冷却水流开关,6a98e949_6822_4147_aeeb_4277e3109d69,input
3#冷机压缩机冷凝压力,e8b005ca_cfaa_464f_b915_70846aca2dc2,input
3#冷机压缩机冷凝温度,52c5c44a_12ff_4df5_b9e4_13659e2ba17c,input
3#冷机压缩机蒸发压力,5f2edc83_21e9_452f_a34e_a5c15e85aae9,input
3#冷机压缩机蒸发温度,5554a220_5845_4a2f_ad4c_f8445d909ad8,input
3#压缩机排气温度,87f632f9_ee0e_41e9_8975_378693348259,input
3#压缩机吸气温度,91c7920c_ce5b_464a_9bd8_e463d763a811,input
3#压缩机供油温度,5d33aa25_11cf_46c3_a03c_c1e9a1a86480,input
3#压缩机供油压力,7cf0b0c9_6879_4f2c_9ca4_439ffa62087e,input
3#压缩机油箱温度,59b0e9db_7c64_4a73_b2ba_e3fcd36ce4ab,input
3#压缩机油箱压力,e242f52c_2433_4b93_ae11_8e583acf8260,input
3#压缩机运行时间,ff57a76d_3397_4b93_8fc0_fbb8ff86c0fa,input
3#压缩机启动次数,e5f579e6_2ff3_4d7e_a952_eb0bf401e338,input
3#压缩机导叶开度,5e881b26_92a5_4c14_aba8_dab0367b39c4,input
4#冷冻泵运行状态,3c36faf1_ab54_4189_93f8_47931d0fdcfa,input
4#冷冻泵变频反馈,8556e1c4_a5f2_442a_a427_cc5e5c5ac174,input
4#冷却泵运行状态,3ccf760d_79ef_461f_943b_4332f244e52a,input
4#冷却泵变频反馈,048a2967_b98c_4cd7_a792_fa596fd26ce0,input
5#冷却塔运行状态,801c1f70_8bdf_44c6_ac8c_3df87849ee86,input
5#冷却塔变频反馈,96400def_89d2_4691_bd06_3d4255f0fe70,input
6#冷却塔运行状态,adafe57a_392f_497d_bb81_c04814c4a27c,input
6#冷却塔变频反馈,2b99abf9_3fd1_4e25_8094_c63c842520a7,input
V13阀门开反馈,273b6bfc_fd50_4f9d_9048_678ba9da7fef,input
V17阀门开反馈,f4b5cb5d_333e_41d9_bd14_d453a7a9894c,input
V29阀门开反馈,db0edab2_5819_4183_a9be_973a8720a094,input
V30阀门开反馈,08de0a56_7e56_4afb_aa41_c0224f6ab33f,input
V31阀门开反馈,19fbd577_c90e_45b2_a183_769609f23051,input
V32阀门开反馈,0aa525c6_4172_4286_8a62_2997be27bdc8,input
4#冷机运行状态,2f369795_a3ae_44ab_b19c_9eaebfd1a5f4,input
4#冷机冷冻出水温度,abb8c9a3_d5de_437a_9fdc_8219bc851c73,input
4#冷机冷却进水温度,db8f1027_7dd8_4c30_8255_ccb5d86edbbb,input
4#冷机冷冻水流开关,ff4bb6aa_86fe_41f7_bd68_8485cbbd14db,input
4#冷机冷却水流开关,c25b59d6_4384_4de6_b844_a024b8156d4e,input
4#冷机压缩机冷凝压力,060c06d3_80bf_4b11_8f77_5dc6607382d3,input
4#冷机压缩机冷凝温度,eb8ebf3e_7532_4f46_b219_bce9e5788a59,input
4#冷机压缩机蒸发压力,65373c2d_ff43_4bbd_8224_6d699002f301,input
4#冷机压缩机蒸发温度,5ee286eb_790f_4215_a985_cb5371c30595,input
4#压缩机排气温度,9c889d9f_1c9b_4dad_9e9f_fb2d5c1724bb,input
4#压缩机吸气温度,1e432ca9_c346_4949_b992_aa9876f472c5,input
4#压缩机供油温度,714b8c90_ac24_48ef_b3b0_2b64b9f4e85c,input
4#压缩机供油压力,84a266ff_3e80_4eb7_a5a6_6cb0f7699f7e,input
4#压缩机油箱温度,d3351f21_de57_44c0_8d3b_5c4fa02e4a15,input
4#压缩机油箱压力,e1d9ed98_07b4_45b1_befe_12febfe97c69,input
4#压缩机运行时间,75d25dc4_c47d_4e45_b223_3e6f306985fa,input
4#压缩机启动次数,f729642f_7d6d_4b24_866d_4374295014d8,input
4#压缩机导叶开度,d71ae6ce_bc1c_4105_907d_4e60cb470b9a,input
冷冻供水温度1,b49cbca4_9c92_4465_8d74_aedb26caaf7d,input
冷冻供水温度2,b51902d0_5e16_46d8_bf49_0f16b1a69cf9,input
冷却供水温度1,be17c8f1_d1a9_4456_a9f3_20ccb2563c0e,input
冷却供水温度2,fe1825a2_99fa_47f4_b5bf_879fffb8c713,input
冷却塔1液位,d2149f6a_765e_4f2d_8694_ad94dc8b2afa,input
冷却塔2液位,4ab18378_579f_4578_a3c4_62547bad370e,input
冷却塔3液位,35e76193_bc42_4445_902c_88c0715f24c1,input
冷却塔4液位,b3e7f3d0_2cda_4a60_b91a_192fa5948d9b,input
冷冻供水压力1,bfd832b1_75ca_48d3_8adc_a813fdec889d,input
冷冻供水压力2,db5fa386_e55e_44d9_8b3e_2a7b4b64695e,input
冷却供水压力1,21e832f2_c61b_4583_b813_b6c888166290,input
冷却供水压力2,f74ffff3_67d1_4568_ab49_01c06e86e216,input
冷冻回水压力1,49d2c581_74f9_4d38_b1c1_b07960bc6962,input
冷冻回水压力2,1b3bd1f5_2e73_4b6d_afc1_11bfae751321,input
冷却回水温度1,3efac490_d89f_4ee9_bddb_53625615642f,input
冷却回水温度2,ea89ebf3_d9d3_4794_89ad_3cb069f1e819,input
冷冻水总管压差旁通阀开度1,c10dcdd7_e5c1_4cc2_bc86_f8980b5c460b,input
冷冻水总管压差旁通阀开度2,63eb976b_d774_4631_8780_c85dbbd7e0c1,input
蓄冷水池温度,0e61a321_0066_4b4a_b5d2_1cc98cf828c5,input
蓄冷水池低液位,b5bce5c0_0ac3_40bb_b18e_2ca7f2287fc6,input
冷冻水补水箱低液位,c9003757_01aa_4ad5_a993_b23f7e2baf89,input
冷却水补水箱低液位,3b7a98f7_105e_4b12_a2b2_afa6d8f37cdb,input
软化水箱低液位,51e57b9a_5efa_4a26_af3c_738570328be8,input
1#冷冻补水补水泵运行状态,692dfa13_c931_41fb_8516_28d877a12cd0,input
2#冷冻补水补水泵运行状态,c65d3709_5673_4fc0_b764_75289ff72218,input
1#冷却补水补水泵运行状态,acd7036f_a666_4e64_bbe6_1d39ae115575,input
2#冷却补水补水泵运行状态,1ddb4f7e_e7c2_4368_85f7_9ef91c5546d2,input
3#冷却补水补水泵运行状态,dacf3aba_2fe4_4d53_8453_d410ddf13410,input
1#蓄冷泵运行状态,ecebff91_3df3_4faa_b095_582687f74890,input
2#蓄冷泵运行状态,64b7634e_e6b5_47db_bcd2_5d651025e1e0,input
1#放冷泵运行状态,ba23f42c_2ed7_4372_8704_2d64cd872273,input
2#放冷泵运行状态,0aa02cf0_8987_447c_909a_6da866756baa,input
蓄冷水池温度1,00ef6889_e752_4c8c_9734_49733894da18,input
蓄冷水池温度2,e20aff36_dc87_41d0_a4d9_734a40b078c1,input
蓄冷水池温度3,6b564f71_d565_4ce6_bde9_d98285bd08c3,input
蓄冷水池温度4,29a1358a_0b9b_403d_8026_d2238510e1fd,input
蓄冷水池温度5,f18f8a23_cc12_4dcf_8f55_df2e70f6719f,input
蓄冷水池温度6,0a0d4745_8da1_4108_9ff2_c8c158d4e572,input
蓄冷水池温度7,fe9c84ca_70b7_41e5_b665_ac3a7c1b1618,input
蓄冷水池温度8,4d1b16cc_17e6_4114_be63_33070a941d21,input
蓄冷水池温度9,339e6b10_49a1_4072_9a69_cab7f1f086bc,input
蓄冷水池温度10,9d603c44_a403_4adf_9b15_5be2a799cfb7,input
蓄冷水池温度11,fec9da0b_e91c_4b9b_87d3_5af56d47e4b4,input
蓄冷水池温度12,1a622fb4_09a8_4835_8d83_289b187b921b,input
蓄冷水池温度13,648184da_d7b3_4475_be37_ba007f171d93,input
蓄冷水池温度14,a0839617_311b_45a4_9bf8_58d78dc30c30,input
蓄冷水池温度15,ee2160eb_5847_4d86_b176_aeb50d860817,input
蓄冷水池温度16,d1c5e7fd_9ef9_49ec_95fd_511376ab2d6c,input
蓄冷水池温度17,20d2046c_a667_43ba_bdcf_bd3be92c4c1f,input
蓄冷水池温度18,59ab0655_2060_4e7b_a1cb_58cf1081184e,input
蓄冷水池温度19,6d305d17_c03e_402a_9b1d_34e30de99de7,input
蓄冷水池温度20,6630c2f3_89ab_4bdc_a872_495d71e0ab8e,input
蓄冷水池温度21,1b6648d8_de60_4c06_ad77_8e95f99b35ce,input
蓄冷水池温度22,c34c8556_9701_4bd0_83e6_81a9a2528626,input
蓄冷水池温度23,5c31c03b_ebab_466a_8cf8_597b6abee54e,input
蓄冷水池温度24,6e36ca85_e895_47fb_86a8_4d57a85c1db7,input
蓄冷水池温度25,fb6d9bbb_0239_4cbf_b43f_e2b9fbcd1dc1,input
蓄冷水池温度26,569a751c_724f_44c9_9f8d_19822f347bba,input
蓄冷水池液位,bd8c9c88_11dc_41c5_b2c4_3c0a346ec73d,input
放冷泵变频温度设定,48dec2b7_15d8_46bd_9ca5_425d08eb9e3e,input
1#冷却塔变频设定,2b97ca6d_552f_4969_b788_341d9e2b0b01,input
2#冷却塔变频设定,e630880e_c26c_42ce_9f65_db9c8c004d6f,input
3#冷却塔变频设定,647c0ba7_2e10_4ea5_b91e_7134c3c58549,input
4#冷却塔变频设定,d0ff09d3_99e1_4a2e_8f54_3518a9fad009,input
5#冷却塔变频设定,115d9f10_2da6_4701_81fd_16a5158c53cb,input
6#冷却塔变频设定,eaf016d6_67f4_442b_bc3f_39e45888afb9,input
7#冷却塔变频设定,4e81df63_5381_4d50_b649_e9e2a3512a57,input
8#冷却塔变频设定,6b2b6bfa_4029_49fc_825f_61123d89ba52,input
1#冷冻泵变频设定,312687b0_4b8d_4d62_a89a_21398665ca49,input
2#冷冻泵变频设定,ba601eb9_f737_43ce_97dc_f48de3808239,input
3#冷冻泵变频设定,b1b5bbed_c938_4a1c_a3e1_21b13eea6bbf,input
4#冷冻泵变频设定,717c5095_5c42_4177_844f_d635ecfe5b60,input
1#冷却泵变频设定,68309b77_e1c4_4a43_85e7_d6b50c3d9bd4,input
2#冷却泵变频设定,2fa838ba_c3d1_47c2_a67e_da00439d7550,input
3#冷却泵变频设定,67c01069_ea42_4b83_bb45_69ecc8939487,input
4#冷却泵变频设定,c6d0599c_83d4_41f5_a9a3_78987a6adb9f,input
放冷流量,a489cb8c_87b1_4d7f_8fb9_12c624f80e7c,input
室外湿度,d05acf6e_9d5d_4017_a3b0_07a68e26945a,input
室外温度,638dfc04_812d_4d72_a474_065d535846c9,input
1#放冷泵变频反馈,0be2c792_a4cc_4681_9b43_96e147d856ad,input
2#放冷泵变频反馈,1e480205_197e_4b6a_8e4a_15e04bf2cb3a,input
1#蓄冷泵变频反馈,39d9aaef_5d8b_426d_b104_8a41d056b8eb,input
2#蓄冷泵变频反馈,6a5da06b_4626_4023_814a_7f88bdf47e13,input
1#放冷泵变频设定,dd978620_c2cc_4831_a77f_d5f5b2206ee8,input
2#放冷泵变频设定,70de1bfc_b4b6_4814_80fd_044b40c86da1,input
1#蓄冷泵变频设定,e6848a16_7b91_4e50_9f82_ae57ece8f700,input
2#蓄冷泵变频设定,96071936_4def_471f_b92f_5f4042a19702,input
冷冻总管回水平均温度,26aa984f_ddc1_4c33_9c96_b3313aad2a72,output
蓄冷水池平均温度,4398dbf6_8f98_4222_9f58_4e91feab323d,output
1#冷机冷冻进水温度,b1858cac_4abf_4789_8a62_6c1aec8615c6,output
1#冷机冷却出水温度,8f3102af_f9e3_4a68_b191_bc1a995af0c4,output
2#冷机冷冻进水温度,7479ada1_b9b3_41b4_a3fa_05e3d4969d04,output
2#冷机冷却出水温度,0cce079d_2e85_4711_b973_e9e3b9bc30a3,output
3#冷机冷冻进水温度,d8f07bad_c577_4b09_96f9_5a989212ddfb,output
3#冷机冷却出水温度,0a9f2a34_183d_4434_b2b4_dc581d25e29a,output
4#冷机冷冻进水温度,0d4d1f7d_d7e0_46ff_9779_b92f59b1ab04,output
4#冷机冷却出水温度,3d88232c_0a10_452c_aa67_c8d0737a93a7,output
冷冻回水温度1,7c70b29c_173e_4b3a_9cb7_e49af1206593,output
冷冻回水温度2,aa95fde4_879a_468d_9a2a_cbd63121cb68,output
1#冷却塔出水温度,0a85728b_efa0_42e5_aa27_81c30fb45786,output
2#冷却塔出水温度,fa492a03_c5df_42d4_96df_7eef051bb972,output
3#冷却塔出水温度,73c216fa_7de6_4b7a_827b_2b3caaa7ab94,output
4#冷却塔出水温度,d712284a_e38f_4433_b507_ca48b5977b42,output
5#冷却塔出水温度,46902447_9fe5_45bc_8f59_e17471cbead8,output
6#冷却塔出水温度,1b1de943_5762_4279_b7dc_7867c706718f,output
7#冷却塔出水温度,dd80b34a_e30e_4076_9182_ca306c58d890,output
8#冷却塔出水温度,2a6a59ff_6a08_4cab_9466_ffd7784b7af2,output
1#冷冻流量,a616e7a5_256e_474b_845a_1d2a90501361,output
2#冷冻流量,d4d52740_8708_4948_aeed_b31db72a55b2,output
1#冷冻泵流量,2cc6d2c9_4bd2_402d_86db_6312cd3e2ec9,output
2#冷冻泵流量,20f5539c_76b4_4b67_b3f4_778ee0249861,output
3#冷冻泵流量,083fcd86_7d54_4eab_b230_361c468db6f2,output
4#冷冻泵流量,e99ad1be_a413_4c14_accb_abcf0b113049,output
1#冷却流量,d068e9c2_cc13_4429_8f00_74b9eb2e9efe,output
2#冷却流量,f33d9a62_38da_4eb6_b3ee_80860711640b,output
1#冷却泵流量,62425c39_ad95_41ca_95ac_ccf03323279a,output
2#冷却泵流量,54746436_93d5_4296_bf91_0943ffa7e60b,output
3#冷却泵流量,3dad770e_54f8_4625_a3d4_ab309cdec95a,output
4#冷却泵流量,79cd63eb_7d18_4dc6_b6ec_1aee7db83ef6,output
109空调配电室/1AK2柜-1#冷水主机.正向有功电能,nodeZNV.00001006000000000086.0116145001,output
109空调配电室/4AK4柜-2#冷水机组L-2电表.正向有功电能,nodeZNV.00001006000000001536.0116145001,output
109空调配电室/2AK4柜-3#冷水主机.正向有功电能,nodeZNV.00001006000000000169.0116145001,output
109空调配电室/3AK2柜-4#冷水主机主用.正向有功电能,nodeZNV.00001006000000000080.0116145001,output
109空调配电室/1AK2柜-1#冷冻泵.正向有功电能,nodeZNV.00001006000000000095.0116145001,output
109空调配电室/4AK4柜-2#冷冻泵电表.正向有功电能,nodeZNV.00001006000000001534.0116145001,output
109空调配电室/2AK4柜-3#冷冻泵.正向有功电能,nodeZNV.00001006000000000174.0116145001,output
109空调配电室/3AK2柜-4#冷冻泵.正向有功电能,nodeZNV.00001006000000000078.0116145001,output
109空调配电室/1AK2柜-1#冷却泵.正向有功电能,nodeZNV.00001006000000000090.0116145001,output
109空调配电室/4AK4柜-2#冷却泵电表.正向有功电能,nodeZNV.00001006000000001535.0116145001,output
109空调配电室/2AK4柜-3#冷却泵.正向有功电能,nodeZNV.00001006000000000175.0116145001,output
109空调配电室/3AK2柜-4#冷却泵.正向有功电能,nodeZNV.00001006000000000079.0116145001,output
1#冷冻泵电压,efbff8e2_dcfb_494e_aead_a2d46cd5fe77,output
1#冷冻泵电流,6b24aa30_667c_46ce_92f8_d624cc6688b4,output
1#冷却塔电压,606852c3_6961_49c8_a654_37a905fce06e,output
1#冷却塔电流,cc1045c8_6e36_48e0_8202_6a848a442418,output
2#冷却塔电压,5e3afa6c_6003_4529_b6e6_2c4252c729c8,output
2#冷却塔电流,0f160bd4_6d42_43a9_be08_56a91673dcf7,output
1#压缩机A相电流,8ff98ce7_fe5a_4d75_a1e1_aa17644a49c3,output
1#压缩机B相电流,0913a4fe_7e4d_4238_b156_6ca74a383173,output
1#压缩机C相电流,d5833526_3740_42b6_b04e_49abbf412a16,output
2#冷冻泵电压,c30840bd_072c_46a5_a7de_6d6b7db7596f,output
2#冷冻泵电流,10fa55d9_60f8_4491_a64d_e4c3c844d5ec,output
2#冷却泵电压,e3d11f8d_9615_4808_87e9_9de4661db34c,output
2#冷却泵电流,e7e075f3_8d85_4469_b0af_fed6aeb1c4f7,output
7#冷却塔电压,0d2b7ca4_2511_4468_8721_b162f1855037,output
7#冷却塔电流,23512f23_00fe_474b_8928_223731949a2c,output
8#冷却塔电压,058d58b7_bc8a_474f_9e82_5dd563ce574f,output
8#冷却塔电流,758c41c0_35da_4953_b1f0_93f89ddbe783,output
1#压缩机电流百分比,0ca13caa_052a_4abf_80bf_c8c55e2bec52,output
2#压缩机电流百分比,addba2cc_98aa_4794_9a09_f5e746d6e4fd,output
2#压缩机A相电流,8f9a84ff_71be_4180_b237_22cdd43abc6f,output
2#压缩机B相电流,bafd3567_9b9c_43dc_9057_b531e733c53d,output
2#压缩机C相电流,0847f871_f1d0_4d62_8288_0c47ccf8477b,output
3#冷冻泵电压,0f0072ff_d384_4554_b009_69e75bdbddf7,output
3#冷冻泵电流,3b7c16c1_7a98_454a_9a6a_78f410b9fc12,output
3#冷却泵电压,49f38bdf_e016_4c04_9b80_3ffcc2332ed3,output
3#冷却泵电流,5aed8639_7773_4a0e_b4e7_ee149b62b901,output
3#冷却塔电压,9b93eed9_4eca_4a8b_91c4_ef56d0cb4333,output
3#冷却塔电流,0d04a4a9_edd3_40a9_80ce_885e52787623,output
4#冷却塔电压,97e573de_bbb1_405d_8fcf_6062036f8211,output
4#冷却塔电流,72d4ac6c_e592_443f_bea3_2093a562a623,output
3#压缩机电流百分比,c6731afa_c189_4f29_866d_8b1a6905338a,output
3#压缩机A相电流,82a9e94b_16f3_4906_b14e_389ac3b9acdf,output
3#压缩机B相电流,fb636b66_f78f_4296_a844_cb077fcef13a,output
3#压缩机C相电流,b5d1318c_12c3_43d1_b568_669fdcbe558b,output
4#冷冻泵电压,9b5bdb29_b693_40fb_837c_7b0e14b780ae,output
4#冷冻泵电流,7e91bf2d_dc90_4286_9c8d_dae1dcdb1736,output
4#冷却泵电压,c3fd84e4_9b9b_45ac_a993_d93203553975,output
4#冷却泵电流,11c7e90b_1303_4029_a5f8_a8bf5c640780,output
5#冷却塔电压,5593c817_3be8_4373_8054_88495d7a7057,output
5#冷却塔电流,13e85966_e1b6_43f9_848b_66ac7b6b8046,output
6#冷却塔电压,4d78f278_c743_4d51_820c_bc6823a58a76,output
6#冷却塔电流,c953a3b1_95bc_455e_9b27_ca105e8dff63,output
4#压缩机电流百分比,e5b65ddd_0bed_4436_aba2_d5c18f141850,output
4#压缩机A相电流,3e088f0f_0d68_4379_b76d_2671d48ef2b4,output
4#压缩机B相电流,91bdd4d8_c9ca_44d7_b126_e91b4b798977,output
4#压缩机C相电流,78b88569_0bfb_4d86_9deb_09c6c30fab66,output
1#冷却泵电压,9aa15548_c1ad_4ae8_9122_4f9ba250361e,output
1#冷却泵电流,616cb0c3_5be5_4a8d_955a_883d799a671d,output
